{"cameraMode":{"drawMode":0,"name":"Shaded","section":"Shading Mode"},"sceneLighting":false,"audioPlay":false,"sceneViewState":{"showFog":true,"showMaterialUpdate":false,"showSkybox":false,"showFlares":true,"showImageEffects":true,"showParticleSystems":true},"in2DMode":false,"pivot":{"x":892.97998046875,"y":742.3736572265625,"z":-20.00238037109375},"rotation":{"x":-0.008997899480164051,"y":-0.020997611805796624,"z":-0.0001889844425022602,"w":0.9997392892837524},"size":360.8800964355469,"orthographic":true}