{"cameraMode":{"drawMode":0,"name":"Shaded","section":"Shading Mode"},"sceneLighting":true,"audioPlay":false,"sceneViewState":{"showFog":true,"showMaterialUpdate":false,"showSkybox":true,"showFlares":true,"showImageEffects":true,"showParticleSystems":true},"in2DMode":false,"pivot":{"x":-12.515320777893067,"y":1.8771611452102662,"z":-9.273470878601075},"rotation":{"x":0.06868183612823487,"y":0.6701449751853943,"z":-0.06250841915607453,"w":0.7364201545715332},"size":2.7188918590545656,"orthographic":false}